KNBSB_Name,FullName,Team_Year
AANHOUT v,Timo van Annhout,Silicon Storks_2018
ALVAREZ,Fausto Alvarez,UVV_2010
ANDRINGA,Calvin Andringa,Kinheim_2018
ANDRINGA Calvin,Calvin Andringa,Kinheim_2018
ANDRINGA Calvin ,Calvin Andringa,Kinheim_2018
ARKENBOUT,Friso Arkenbout,Mampaey Hawks_2012
BALLEGOOY v,Joris van Ballegooy,UVV_2016
BERGH vd,Joost van den Bergh,Silicon Storks_2017
BERKEL,Kai Berkel,Quick Amersfoort_2017
BERKHOUT,Chiel Berkhout,Kinheim_2019
BERKHOUT,Joran Berkhout,Silicon Storks_2017
BERNARDUS,Wesley Bernardus,Quick Amersfoort_2017
BEUGELING,Barry Beugeling,DSS_2017
BEUGELING,Barry Beugeling,Kinheim_2018
BLAAUW,Jelle Blaauw,HCAW_2013
BLIEK,Jirka Bliek,UVV_2010
BLOKKER,Bram Blokker,Kinheim_2019
BLOKKER B,Bram Blokker,Kinheim_2018
BLOKKER F,Finn Blokker,Kinheim_2018
BLOKKER Finn,Finn Blokker,Kinheim_2018
BLOM,Dennis Blom,Onze Gezellen_2017
BLOM,Koen Blom,Twins_2015
BLOM Koen,Koen Blom,Twins_2015
BOEREE,Shane Boeree,Hoofddorp Pioniers_2013
BOEREEhane,Shane Boeree,DSS_2015
BOK,Patrick Bok,L&D Amsterdam Pirates_2013
BOLennart,Lennart Bol,AdoLakers_2011
BONIS,Erwin Bonis,Mampaey Hawks_2012
BONIS Erwin,Erwin Bonis,Mampaey Hawks_2012
BONT de,Ronald de Bont,Mampaey Hawks_2012
BONT de Ronald,Ronald de Bont,Mampaey Hawks_2012
BORGSCHOT,Shurendel Borgschot,Mampaey Hawks_2012
BOS,Thomas Bos,Kinheim_2018
BOS,Thomas Bos,Kinheim_2019
BOUWMAN,Ronald Bouwman,HCAW_2013
BOYDeon,Leon Boyd,Curacao Neptunus_2011
BOYDeon,Leon Boyd,Kinheim_2013
BRANDL,Philip Brandl,Silicon Storks_2017
BRANDS,Paul Brands,Hoofddorp Pioniers_2017
BROCKEN,Hidde Brocken,L&D Amsterdam Pirates_2017
BROCKEN Hidde,Hidde Brocken,L&D Amsterdam Pirates_2017
BROERSENars,Lars Broersen,Hoofddorp Pioniers_2019
BRUIJN de,Bob de Bruijn,Mampaey Hawks_2012
BUFFA,Brent Buffa,Euro Stars_2011
BUFFA Brent,Brent Buffa,Euro Stars_2011
BUNT vd,Dennis van den Bunt,Quick Amersfoort_2017
BUNT vd Dennis,Dennis van den Bunt,Quick Amersfoort_2017
BUREMA,Kaj Burema,Curacao Neptunus_2019
BURGER,Jordy Burger,Quick Amersfoort_2017
CAIRO,Quincy Cairo,UVV_2010
CASTILLO,Reangelo Castillo,AdoLakers_2013
CHARTRAND,Codi Chartrand,Twins_2015
CHARTRAND Cody ,Codi Chartrand,Twins_2015
CLEMENSIA,Taylor Clemensia,Hoofddorp Pioniers_2017
CLEMENSIA Taylor,Taylor Clemensia,Hoofddorp Pioniers_2017
COMMENENCIA,Cecil Comenencia,UVV_2015
CORDEMANS,Rob Cordemans,L&D Amsterdam Pirates_2016
CORDEMANS Rob,Rob Cordemans,L&D Amsterdam Pirates_2016
CREMER,Rene Cremer,Kinheim_2018
CREMER,Rene Cremer,Kinheim_2019
CREMER J,Jules Cremer,Quick Amersfoort_2017
CREMER M,Mees Cremer,Quick Amersfoort_2017
CREMER Mees,Mees Cremer,Quick Amersfoort_2017
DAS,Paul Das,HCAW_2014
DAUTZENBERG,Mitchel Dautzenberg,DSS_2014
DE CUBA,Quintin de Cuba,Sparta-Feyenoord_2011
DEATON,Enoch Deaton,Mampaey Hawks_2012
DEATON Enoch,Enoch Deaton,Mampaey Hawks_2012
DELAMARRE,Ian Delemarre,HCAW_2016
DELAMARRE,Ian Delemarre,L&D Amsterdam Pirates_2011
DELAMARRE,Ian Delemarre,UVV_2013
DELAMARRE,Ian Delemarre,UVV_2015
DELAMARRE Ian,Ian Delemarre,HCAW_2016
DELAMARRE Ian,Ian Delemarre,L&D Amsterdam Pirates_2011
DELAMARRE Ian,Ian Delemarre,UVV_2013
DELAMARRE Ian,Ian Delemarre,UVV_2015
DELFINA,Jeff Delfina,UVV_2010
DENIS,Remian Denis,Quick Amersfoort_2017
DEURSEN v,Rik van Deursen,Euro Stars_2011
DIEMEN v M,Martijn van Diemen,Onze Gezellen_2017
DIJK,Jurriaan Dijk,Silicon Storks_2017
DIJK v,Tjibbe van Dijk,Silicon Storks_2017
DIJK v Tjibbe,Tjibbe van Dijk,Silicon Storks_2017
DISMUKESill,Will Dismukes,Curacao Neptunus_2014
DONSELAAR v,Berry van Donselaar,Mampaey Hawks_2012
DONSELAAR v,Berry van Donselaar,Twins_2015
DREIJER,Rob Dreijer,Onze Gezellen_2017
DREIJER Rob,Rob Dreijer,Onze Gezellen_2017
DUIN,Jarred Duin,Sparta-Feyenoord_2011
DUNLOP,Aldric Dunlop,AdoLakers_2011
DUNLOP,Tijani Dunlop,Silicon Storks_2017
EDUARDA,Orlando Eduarda,Euro Stars_2011
ELFRINK,Jasper Elfrink,HCAW_2011
ELFRINK,Jasper Elfrink,HCAW_2017
ELFRINK Jasper,Jasper Elfrink,HCAW_2017
ELSHOF,Leon Elshof,HCAW_2017
ELSHOF Leon,Leon Elshof,HCAW_2017
ELSHOFeon,Leon Elshof,HCAW_2012
ELSHOFeon,Leon Elshof,HCAW_2013
ELSHOFeon,Leon Elshof,HCAW_2014
ELSWIJK v,Boudewijn van Elswijk,Silicon Storks_2017
ENGELHARDT,Bryan Engelhardt,Quick Amersfoort_2017
ENGELHARDTB,Bryan Engelhardt,Quick Amersfoort_2019
ENGELHARDTR,Rachid Engelhardt,Quick Amersfoort_2019
ENOS,Tony Enos,Mampaey Hawks_2012
ERASMUS,Justin Erasmus,Twins_2015
ERASMUS Justin,Justin Erasmus,Twins_2015
ERK v,Tino van Erk,DSS_2014
FIGUERAuis,Luis Figuera Roman,Quick Amersfoort_2018
GABRIELS,Levine Gabriels,HCAW_2013
GE,Chris Ge,Twins_2013
GE,Chris Ge,Twins_2015
GEESTMAN,Rik Geestman,L&D Amsterdam Pirates_2013
GEESTMAN K,Kevin Geestman,DSS_2014
GEESTMAN Kevin,Kevin Geestman,DSS_2014
GEESTMAN Kevin,Kevin Geestman,L&D Amsterdam Pirates_2013
GEESTMAN R,Rik Geestman,DSS_2014
GEESTMAN Rik,Rik Geestman,DSS_2014
GEI,Thomas Gei,AdoLakers_2013
GIL,Gino Gil,Silicon Storks_2017
GIRIGORI,Mayron Girigori,AdoLakers_2013
GNADEhane,Shane Gnade,Hoofddorp Pioniers_2010
GORISSE,Remco Gorisse,Twins_2013
GORISSE,Remco Gorisse,Twins_2015
GORISSE Remco,Remco Gorisse,Twins_2013
GORISSE Remco,Remco Gorisse,Twins_2015
GROENENDIJK,Ben Groenendijk,Euro Stars_2011
GROOT de,Aaron de Groot,Silicon Storks_2017
GROOT de Aaron,Aaron de Groot,Silicon Storks_2017
GROOTVELD,Maarten Grootveld,HCAW_2011
GUZMAN,Aldy Guzman,Euro Stars_2011
HALDERMAN,Tim Halderman,DSS_2014
HALDERMAN Tim,Tim Halderman,DSS_2014
HANEGRAAF,Bart Hanegraaf,Twins_2013
HANEGRAAFF,Bart Hanegraaf,Twins_2015
HARCKSEN,Misja Harcksen,Curacao Neptunus_2016
HARCKSEN Misja,Misja Harcksen,Curacao Neptunus_2016
HATO,Bjorn Hato,Kinheim_2010
HAZEL,Allan Hazel,DSS_2014
HELMENDACHander,Sander Helmendach,DSS_2019
HELMENDACHander,Sander Helmendach,HCAW_2012
HEMERT v,Wesley van Hemert,Kinheim_2018
HEMERT v,Wesley van Hemert,Kinheim_2019
HENDRIKS,Daan Hendrix,L&D Amsterdam Pirates_2012
HENDRIKS Daan,Daan Hendrix,L&D Amsterdam Pirates_2012
HENSON,Eugene Henson,AdoLakers_2013
HERKEMIJ,Peter Herkemij,Kinheim_2018
HERMANS,Jeroen Hermans,UVV_2010
HERNANDEZJulio,Julio Hernandez,Kinheim_2016
HETEM,Mitchell Hetem,Onze Gezellen_2017
HEUS,Joffrey Heus,DSS_2014
HEUS,Joffrey Heus,Onze Gezellen_2017
HEUS Joffrey,Joffrey Heus,Onze Gezellen_2017
HEYDE vd,Dakota van de Heyde,HCAW_2018
HOEK v,Randy van Hoek,Silicon Storks_2017
HOFER,Nick Hofer,Kinheim_2018
HOFER,Nick Hofer,Kinheim_2019
HOLMBERG,Linus Holmberg,Kinheim_2019
HONDIUS,Joeri Hondius,Onze Gezellen_2017
HUBERT,Jeroen Hubert,HCAW_2013
HUBERT Jeroen,Jeroen Hubert,HCAW_2013
HUIJERars,Lars Huijer,Hoofddorp Pioniers_2011
HUIJERars,Lars Huijer,Hoofddorp Pioniers_2013
HUIJERars,Lars Huijer,Hoofddorp Pioniers_2015
HUIJERars,Lars Huijer,Hoofddorp Pioniers_2016
HUIJERars,Lars Huijer,Hoofddorp Pioniers_2017
HUIJERars,Lars Huijer,Hoofddorp Pioniers_2018
HUIJERars,Lars Huijer,Hoofddorp Pioniers_2019
HUIJGENS,Koen Huijgens,Silicon Storks_2017
IANNELLItefan,Stefan Iannelli,Twins_2019
IN DEN KLEEF,Bart In Den Kleef,Twins_2013
INGEN v,Jorn van Ingen,DSS_2014
INGEN v Jorn,Jorn van Ingen,DSS_2014
ISENIA,Aaron Isenia,Quick Amersfoort_2017
ISENIA Aaron,Aaron Isenia,Quick Amersfoort_2017
ISHAK,Jeremy Ishak,Euro Stars_2011
ISHAK,Jeremy Ishak,Twins_2013
ISHAK Jeremy,Jeremy Ishak,Euro Stars_2011
ISHAK Jeremy,Jeremy Ishak,Twins_2013
JAMES,T'Shawn James,Quick Amersfoort_2017
JAMES T'shawn,T'Shawn James,Quick Amersfoort_2017
JANSEN,Bart Janssen,Twins_2017
JANSSEN,Bart Janssen,Twins_2015
JANSSENS,Stijn Janssens,Twins_2013
JANSSENS,Stijn Janssens,Twins_2015
JONG de B,Bas de Jong,Quick Amersfoort_2017
JONG de J,Jos de Jong,Quick Amersfoort_2017
JONG de Jos,Jos de Jong,Quick Amersfoort_2017
JONGEJANS,Sven Jongejans,DSS_2014
JONGERIUS N,Norbert Jongerius,UVV_2010
KAREL,Sedley Karel,UVV_2010
KAREL Sedley,Sedley Karel,UVV_2010
KARELedley,Sedley Karel,HCAW_2013
KARELedley,Sedley Karel,HCAW_2017
KARELedley,Sedley Karel,Hoofddorp Pioniers_2014
KARELedley,Sedley Karel,Hoofddorp Pioniers_2016
KARELedley,Sedley Karel,UVV_2011
KARPER,Kevin Karper,Onze Gezellen_2017
KARPER,Kevin Karper,Twins_2015
KARPER,Kevin Karper,Twins_2016
KELLY,Kevin Kelly,Curacao Neptunus_2018
KELLY Kevin,Kevin Kelly,Curacao Neptunus_2018
KEMPEN,Rikkert Kempen,Twins_2013
KEMPEN,Rikkert Kempen,Twins_2016
KESSELER,Joeri Kesseler,Kinheim_2018
KESSELER,Joeri Kesseler,Kinheim_2019
KESSELER Joeri,Joeri Kesseler,Kinheim_2018
KESSELER Joeri,Joeri Kesseler,Kinheim_2019
KLAARENBEEK,Bob Klaarenbeek,Quick Amersfoort_2017
KLAARENBEEK Bob,Bob Klaarenbeek,Quick Amersfoort_2017
KLAVERDIJK,Juergen Klaverdijk,Mampaey Hawks_2012
KLAVERDIJK Juergen,Juergen Klaverdijk,Mampaey Hawks_2012
KLOPander,Sander Klop,Sparta-Feyenoord_2010
KNAPE,Kelvin Knape,AdoLakers_2013
KNOLLENBURG,Kevin Knollenberg,UVV_2014
KOEDIJK,Jochem Koedijk,Kinheim_2013
KOEHORST H,Hugo Koehorst,Onze Gezellen_2017
KOEHORST Hugo,Hugo Koehorst,Onze Gezellen_2017
KOEHORST T,Ted Koehorst,Onze Gezellen_2017
KOENEN,Jurjan Koenen,HCAW_2013
KOKS,Jurrian Koks,Silicon Storks_2017
KOKS Jurrian,Jurrian Koks,Silicon Storks_2017
KONINCK de,Stijn de Koninck,Twins_2013
KONINCK de Stijn,Stijn de Koninck,Twins_2013
KOOIJ van der Hugo,Hugo van der Kooij,Mampaey Hawks_2012
KOOIJ vd,Hugo van der Kooij,Mampaey Hawks_2012
KOOT,Mitchell Koot,DSS_2014
KORFF,Jurriaan Korff,Twins_2013
KORFF Jurriaan,Jurriaan Korff,Twins_2013
KORTSTAMR,Raoell Kortstam,HCAW_2015
KRAM,Martin Kram,Silicon Storks_2017
KRAM Martin,Martin Kram,Silicon Storks_2017
KROFT,Jelle Kroft,Onze Gezellen_2017
KROFT Jelle,Jelle Kroft,Onze Gezellen_2017
KRUTZEN,Jesper Krutzen,Mampaey Hawks_2012
KRUTZEN Jesper,Jesper Krutzen,Mampaey Hawks_2012
KUIJPER,Donny Kuijper,DSS_2018
KUZYK,Branden Kuzyk,Twins_2015
LAAR v B,Brian van Laar,Quick Amersfoort_2017
LAAR v Brian,Brian van Laar,Quick Amersfoort_2017
LAAR v C,Colin van Laar,Quick Amersfoort_2017
LAAR v Colin,Colin van Laar,Quick Amersfoort_2017
LAMMERTS,Allard Lammerts van Bueren,Euro Stars_2011
LAMMERTS,Allard Lammerts van Bueren,Onze Gezellen_2017
LAMPE,Reginald Lampe,L&D Amsterdam Pirates_2018
LATTA,Matthew Latta,Twins_2013
LATTA,Matthew Latta,Twins_2015
LATTA Matthew,Matthew Latta,Twins_2013
LATTA Matthew ,Matthew Latta,Twins_2015
LAURENS,Roland Laurens,HCAW_2014
LAURENS Roland,Roland Laurens,HCAW_2014
LAVIEREN v,Kim van Lavieren,UVV_2013
LAVIEREN v Kim,Kim van Lavieren,UVV_2013
LEMMINK,Jenk Lemmink,Kinheim_2018
LEMMINK,Jenk Lemmink,Kinheim_2019
LEMMINK,Jenk Lemmink,Onze Gezellen_2017
LEONARD,Carlos Leonard,Quick Amersfoort_2017
LEUVEN v,Tim van Leuven,Onze Gezellen_2017
LEUVEN v Tim,Tim van Leuven,Onze Gezellen_2017
LITH,Gilian van Lith,UVV_2013
LITH Gillian,Gilian van Lith,UVV_2013
LUGTMEIJER,Arthur Lugtmeijer,HCAW_2017
LUGTMEIJER,Arthur Lugtmeijer,HCAW_2018
MARCUSSEN,Alex Marcussen,DSS_2015
MARCUSSEN A,Alex Marcussen,DSS_2015
MARTINA,Jerreau Martina,Twins_2013
MARTIS,Aldrin Martis,Euro Stars_2011
MASTENBROEK,Barry Mastenbroek,Hoofddorp Pioniers_2011
McCARTAN,Niels McCartan,Mampaey Hawks_2013
MEER vd,Bob van der Meer,Twins_2015
MEEUWIS,Martijn Meeuwis,Twins_2013
MICA,Nils Mica,Onze Gezellen_2017
MILDE de,Roy de Milde,Twins_2013
MINER,Ryan Miner,DSS_2014
MOLENAAR,Molenaar,Twins_2015
MOLENAAR L,Lars Molenaar,Twins_2013
MOLENAAR M,Mick Molenaar,Twins_2013
MORALES,Al Morales,Kinheim_2018
MORALES,Al Morales,Kinheim_2019
MORALES Al,Al Morales,Kinheim_2018
MORALES Al,Al Morales,Kinheim_2019
MULLER,Jay-Jay Muller,Quick Amersfoort_2017
MULLER Jay-Jay,Jay-Jay Muller,Quick Amersfoort_2017
NAAKTGEBOREN,Ruud Naaktgeboren,DSS_2014
NABER,Joris Naber,Mampaey Hawks_2012
NAKASHIMAhogo,Shogo Nakashima,Twins_2018
NICHOLAS,Shairon Nicholas,Quick Amersfoort_2017
NOORDZIJ,Kevin Noordzij,Mampaey Hawks_2012
NOORDZIJ Kevin,Kevin Noordzij,Mampaey Hawks_2012
NUFFEL v,Ben Van Nuffel,Twins_2015
NUFFEL v Ben,Ben Van Nuffel,Twins_2015
NUIJTEN,Duco Nuijten,Hoofddorp Pioniers_2016
NUTS,Dylan Nuts,Euro Stars_2011
OBISPOudwin,Ludwin Obispo,AdoLakers_2010
OBISPOudwin,Ludwin Obispo,AdoLakers_2012
OBISPOudwin,Ludwin Obispo,AdoLakers_2013
OCILIA,Randy Ocillia,AdoLakers_2012
OCILIA,Carlos Ocilia,AdoLakers_2013
OCILIA Carlos,Carlos Ocilia,AdoLakers_2013
OELEaurens,Laurens Oele,AdoLakers_2011
OELEaurens,Laurens Oele,AdoLakers_2012
OELEaurens,Laurens Oele,AdoLakers_2013
OELEaurens,Laurens Oele,Mampaey Hawks_2015
OOSTERWIJK,Ronald Oosterwijk,Onze Gezellen_2017
OOSTERWIJK Ronald,Ronald Oosterwijk,Onze Gezellen_2017
ORMAN,Jeldwin Orman,Kinheim_2019
OVERMAN,Jurien Overman,HCAW_2015
PATIST,Mike Patist,UVV_2010
PEELS,Nick Peels,Twins_2015
PEREZ,Giovanni Perez,Silicon Storks_2017
PETIT,Sem Petit,Silicon Storks_2017
PHELIPA,Soekarno Phelipa,Sparta-Feyenoord_2011
PITERNELLA,Ruendrick Piternella,Curacao Neptunus_2017
PLOEGER,Jim Ploeger,UVV_2014
PLOEGER Jim,Jim Ploeger,UVV_2014
PLOEGSTRA,Max Ploegstra,DSS_2014
PLOEGSTRA Max,Max Ploegstra,DSS_2014
POPKEN,Jasper Popken,HCAW_2017
POPKEN Jasper,Jasper Popken,HCAW_2017
POSTELMANS,Koen Postelmans,Twins_2018
POSTELMANS Koen,Koen Postelmans,Twins_2018
PRINScott,Scott Prins,DSS_2019
PRONK,Jochem Pronk,Euro Stars_2011
REDAN,Irving Redan,Twins_2015
REDAN Ibrahim,Irving Redan,AdoLakers_2012
REEMST,Rowald Reemst,Quick Amersfoort_2017
REEMST Rowald,Rowald Reemst,Quick Amersfoort_2017
RIBBENS,Dennis Ribbens,UVV_2014
RICARDO,Dashenko Ricardo,Curacao Neptunus_2016
RIFAELA,Jhan Rifaele,L&D Amsterdam Pirates_2019
RIJNBERGEN,Brandon Rijnbergen,UVV_2011
ROMNEY,Patt Romney,UVV_2010
RONNENBERG Scott,Scott Ronnenbergh,Hoofddorp Pioniers_2013
RONNENBERGH,Scott Ronnenbergh,Hoofddorp Pioniers_2011
RONNENBERGH,Scott Ronnenbergh,Hoofddorp Pioniers_2013
RONNENBERGH Scott,Scott Ronnenbergh,Hoofddorp Pioniers_2011
RONNENBERGHcott,Scott Ronnenbergh,Almere Magpies_2010
RONNENBERGHcott,Scott Ronnenbergh,Hoofddorp Pioniers_2014
RONNENBERGHcott,Scott Ronnenbergh,Hoofddorp Pioniers_2017
RONNENBERGHcott,Scott Ronnenbergh,Kinheim_2016
RONNENBERGHS,Scott Ronnenbergh,Almere Magpies_2010
ROODENBURG,Tim Roodenburg,DSS_2014
ROOVERS,Kevin Roovers,Twins_2013
ROOVERS Kevin,Kevin Roovers,Twins_2013
ROSARIA,Luigino Rosaria,Quick Amersfoort_2017
ROZA,Randrick Roza,AdoLakers_2013
RUIZ,Jeffrey Ruiz,AdoLakers_2013
RUTTE,Raymond Rutte,Kinheim_2013
RUTTE R,Raymond Rutte,Onze Gezellen_2017
RUTTE Raymond,Raymond Rutte,Kinheim_2013
RUTTE Raymond,Raymond Rutte,Onze Gezellen_2017
SAMIENTO CLA,Reynaldo Sarmiento Claro,AdoLakers_2010
SAMIENTO CLARO R,Reynaldo Sarmiento Claro,AdoLakers_2010
SAMS,Kalian Sams,Curacao Neptunus_2013
SAMS,Kalian Sams,Curacao Neptunus_2014
SANDEN vd,Sven van de Sanden,Kinheim_2018
SCHIPPERUS,Mark Schipperus,Euro Stars_2011
SCHOEMAKER,Brendan Schoemaker,Euro Stars_2011
SCHOEMAKER Brendan,Brendan Schoemaker,Euro Stars_2011
SCHOONDERWOE,Martijn Schoonderwoerd,Kinheim_2016
SCHOONDERWOE,Martijn Schoonderwoerd,Kinheim_2018
SCHOONDERWOE,Martijn Schoonderwoerd,Kinheim_2019
SCHOONDERWOERD Marti,Martijn Schoonderwoerd,Kinheim_2018
SCHOONDERWOERD Marti,Martijn Schoonderwoerd,Kinheim_2019
SCHOONDERWOERD Marti ,Martijn Schoonderwoerd,Kinheim_2018
SCHOONDERWOERD Marti ,Martijn Schoonderwoerd,Kinheim_2019
SCHOONDERWOERDMartij,Martijn Schoonderwoerd,Kinheim_2016
SCHUTTE,Matz Schutte,HCAW_2014
SCHUTTE Matz,Matz Schutte,HCAW_2014
SEWALT,Rob Sewalt,Onze Gezellen_2017
SIENDERS,Louis Sienders,Mampaey Hawks_2012
SIMMONDS,Calvin Simmonds,Euro Stars_2011
SMEETS,Tommy Smeets,Twins_2013
SOEDERHUIJSE,Thomas Soederhuijsen,Mampaey Hawks_2012
SOMMERuke,Luke Sommer,Kinheim_2012
SPIJKER,Jordi Spijker,Hoofddorp Pioniers_2011
SPROTT,Jeffrey Sprott,Euro Stars_2011
STEIJL,Dion Steijl,Hoofddorp Pioniers_2017
STEIJL Dion,Dion Steijl,Hoofddorp Pioniers_2017
STEWART,Orlande Stewart,Euro Stars_2011
STEWART Orlande,Orlande Stewart,Euro Stars_2011
STUIFBERGENN,Nick Stuifbergen,Kinheim_2011
STUT,Lennart Stut,DSS_2014
TARAPACKI,Derek Tarapacki,UVV_2010
TARAPACKI Derek,Derek Tarapacki,UVV_2010
THOMPSON,Jair Thompson,UVV_2010
TIMMERMANS,Rick Timmermans,Kinheim_2018
TIMMERMANS,Rick Timmermans,Kinheim_2019
TIMMERMANS Rick,Rick Timmermans,Kinheim_2018
TIMMERMANS Rick,Rick Timmermans,Kinheim_2019
TOLENAARS,Marcel Tolenaars,Kinheim_2018
TOLENAARS,Marcel Tolenaars,Kinheim_2019
TREMUS,Shurty Tremus,Twins_2013
TREMUS,Shurty Tremus,Twins_2015
TROMP,Enrique Tromp,AdoLakers_2013
VEER vd,Tom van der Veer,HCAW_2012
VERHEYLEWEGH,Jamie Verheylewegen,Twins_2017
VERHEYLEWEGH,Jamie Verheylewegen,Twins_2019
VERHEYLEWEGH,Jamie Verheylewegen,UVV_2015
VERHEYLEWEGHEN Jamie,Jamie Verheylewegen,UVV_2015
VERNOOIJ,Rien Vernooij,Curacao Neptunus_2010
VIERSEN van,Hylke van Viersen,UVV_2010
VIERSEN van Hylke,Hylke van Viersen,UVV_2010
VISSER,Seb Visser,DSS_2014
VOGELAARars,Lars Vogelaar,DSS_2017
VOGELAARars,Lars Vogelaar,DSS_2018
VOORN,Ricky Voorn,Silicon Storks_2017
VOORN Ricky,Ricky Voorn,Silicon Storks_2017
VREEKEN,Tom Vreeken,Onze Gezellen_2017
VROLIJK,Anthony Vrolijk,Twins_2013
VROLIJK,Anthony Vrolijk,Twins_2015
VRUTAAL,Tair Vrutaal,Twins_2015
VUISTER,Mathijs Vuister,UVV_2010
WASSINK,Glenn Wassink,Kinheim_2018
WASSINK,Glenn Wassink,Kinheim_2019
WASSINK Glenn,Glenn Wassink,Kinheim_2018
WASSINK Glenn,Glenn Wassink,Kinheim_2019
WEDMAN,Don Wedman,Kinheim_2018
WEDMAN,Don Wedman,Kinheim_2019
WEERT,Dexter de Weert,HCAW_2017
WEERT de,Dexter de Weert,HCAW_2014
WEERT v,Niels van Weert,Quick Amersfoort_2017
WEIS,Niels Weis,Silicon Storks_2017
WERKMANars,Lars Vogelaar,DSS_2019
WHARWOOD,Steven Wharwood,Mampaey Hawks_2012
WHEELER,Cameron Wheeler,UVV_2010
WHEELER Cameron,Cameron Wheeler,UVV_2010
WIESEMANN,Morris Wiesemann,Hoofddorp Pioniers_2016
WIESEMANN Morris,Morris Wiesemann,Hoofddorp Pioniers_2016
WIJK v,Sam van Wijk,Mampaey Hawks_2012
WIJST vd,Oliver van de Wijst,Hoofddorp Pioniers_2017
WILDE de,Maarten de Wilde,UVV_2010
WILLIAMS,Chris Williams,Curacao Neptunus_2014
WINDSTER,Kevin Windster,Quick Amersfoort_2017
WINDT de Q,Quinlan de Windt,Silicon Storks_2017
WINDT de T,Tyron de Windt,Silicon Storks_2017
WINKEL,Jeremy Winkel,AdoLakers_2013
WINKEL,Nick Winkel,Silicon Storks_2017
WINKEL Nick,Nick Winkel,Silicon Storks_2017
WITSTOK,Joris Witstok,UVV_2013
ZEGWAARD,Pascal Zegwaard,HCAW_2018
ZEGWAART,Pascal Zegwaard,HCAW_2016
